state,esperance
0,-1.9555200235896824
1,-2.2865433233642505
2,-3.136912153751824
3,0.0
4,-1.703542724854941
5,-1.8596019727972084
6,-2.200440821444649
7,-2.6968516994095553
8,-1.3643608008141093
9,-1.3230279017404805
10,-1.1973110284512443
11,-0.9485776744899237
12,-1.1216612010944218
13,-0.9243044099757317
14,-0.3655799411292254
15,0.0
