state,esperance
0,0.0
1,0.92274469442792
2,0.9320653479069899
3,0.9414801494009999
4,0.9509900498999999
5,0.96059601
6,0.9702989999999999
7,0.9801
8,0.99
9,1.0
10,0.0
