state,esperance
0,0.0
1,-0.784600347906333
2,-0.5749569040599708
3,-0.3769374420391247
4,-0.18654249731902398
5,7.438881474754189e-05
6,0.18668424999782546
7,0.37705868006300136
8,0.5750457849066541
9,0.7846476635287938
10,0.0
